{"currentFrameRate":29.0825,"devices":[],"gestures":[],"hands":[],"id":55781,"interactionBox":{"center":[0.00000,187.463,0.00000],"size":[220.500,220.500,138.489]},"pointables":[],"r":[[0.535177,0.835159,-0.126866],[-0.821906,0.549488,0.150112],[0.195079,0.0239358,0.980496]],"s":0.873109,"t":[-47.6439,-186.743,85.6153],"timestamp":80949478727}