{"currentFrameRate":36.6005,"devices":[],"gestures":[],"hands":[],"id":286833,"interactionBox":{"center":[0.00000,110.256,0.00000],"size":[129.687,129.687,81.4523]},"pointables":[],"r":[[0.0104036,0.394109,-0.919005],[0.476042,0.806272,0.351153],[0.879361,-0.441138,-0.179224]],"s":0.517453,"t":[31.8649,52.3306,132.748],"timestamp":48497041222}