{"currentFrameRate":9.38533,"devices":[],"gestures":[],"hands":[],"id":282063,"interactionBox":{"center":[0.00000,96.2421,0.00000],"size":[113.203,113.203,71.0994]},"pointables":[],"r":[[0.0104036,0.394109,-0.919005],[0.476042,0.806272,0.351153],[0.879361,-0.441138,-0.179224]],"s":0.517453,"t":[31.8649,52.3306,132.748],"timestamp":47986161636}